{"nodes":null,"selection":null,"view":{"scroll":{"x":4061.169921875,"y":5267.806640625},"visible_rect":{"max":{"x":1437.833984375,"y":1338.161376953125},"min":{"x":812.2340087890625,"y":1053.5614013671875}},"zoom":5}}